--------------------------------------------------------
--  File created - Tuesday-September-18-2018   
--------------------------------------------------------
--------------------------------------------------------
--  DDL for Sequence DEMO_CUST_SEQ
--------------------------------------------------------

   CREATE SEQUENCE  "HOTEL_ADMIN"."DEMO_CUST_SEQ"  MINVALUE 1 MAXVALUE 9999999999999999999999999999 INCREMENT BY 1 START WITH 21 CACHE 20 NOORDER  NOCYCLE ;
--------------------------------------------------------
--  DDL for Sequence DEMO_ORDER_ITEMS_SEQ
--------------------------------------------------------

   CREATE SEQUENCE  "HOTEL_ADMIN"."DEMO_ORDER_ITEMS_SEQ"  MINVALUE 1 MAXVALUE 9999999999999999999999999999 INCREMENT BY 1 START WITH 61 CACHE 20 NOORDER  NOCYCLE ;
--------------------------------------------------------
--  DDL for Sequence DEMO_ORD_SEQ
--------------------------------------------------------

   CREATE SEQUENCE  "HOTEL_ADMIN"."DEMO_ORD_SEQ"  MINVALUE 1 MAXVALUE 9999999999999999999999999999 INCREMENT BY 1 START WITH 11 CACHE 20 NOORDER  NOCYCLE ;
--------------------------------------------------------
--  DDL for Sequence DEMO_PROD_SEQ
--------------------------------------------------------

   CREATE SEQUENCE  "HOTEL_ADMIN"."DEMO_PROD_SEQ"  MINVALUE 1 MAXVALUE 9999999999999999999999999999 INCREMENT BY 1 START WITH 21 CACHE 20 NOORDER  NOCYCLE ;
--------------------------------------------------------
--  DDL for Sequence DEMO_USERS_SEQ
--------------------------------------------------------

   CREATE SEQUENCE  "HOTEL_ADMIN"."DEMO_USERS_SEQ"  MINVALUE 1 MAXVALUE 9999999999999999999999999999 INCREMENT BY 1 START WITH 21 CACHE 20 NOORDER  NOCYCLE ;
--------------------------------------------------------
--  DDL for Sequence EMPLOYEE_EMP_ID_SEQ
--------------------------------------------------------

   CREATE SEQUENCE  "HOTEL_ADMIN"."EMPLOYEE_EMP_ID_SEQ"  MINVALUE 1 MAXVALUE 9999999999999999999999999999 INCREMENT BY 1 START WITH 5 NOCACHE  ORDER  NOCYCLE ;
--------------------------------------------------------
--  DDL for Sequence INVENTORY_ITEM_ID_SEQ
--------------------------------------------------------

   CREATE SEQUENCE  "HOTEL_ADMIN"."INVENTORY_ITEM_ID_SEQ"  MINVALUE 1 MAXVALUE 9999999999999999999999999999 INCREMENT BY 1 START WITH 1004 NOCACHE  ORDER  NOCYCLE ;
--------------------------------------------------------
--  DDL for Sequence OD_ORDER_DETAIL_ID_SEQ
--------------------------------------------------------

   CREATE SEQUENCE  "HOTEL_ADMIN"."OD_ORDER_DETAIL_ID_SEQ"  MINVALUE 1 MAXVALUE 9999999999999999999999999999 INCREMENT BY 1 START WITH 1004 NOCACHE  ORDER  NOCYCLE ;
--------------------------------------------------------
--  DDL for Sequence ORDERS_ORDER_ID_SEQ
--------------------------------------------------------

   CREATE SEQUENCE  "HOTEL_ADMIN"."ORDERS_ORDER_ID_SEQ"  MINVALUE 1 MAXVALUE 9999999999999999999999999999 INCREMENT BY 1 START WITH 1004 NOCACHE  ORDER  NOCYCLE ;
--------------------------------------------------------
--  DDL for Sequence RESTAURANT_TABLE_ID_SEQ
--------------------------------------------------------

   CREATE SEQUENCE  "HOTEL_ADMIN"."RESTAURANT_TABLE_ID_SEQ"  MINVALUE 1 MAXVALUE 9999999999999999999999999999 INCREMENT BY 1 START WITH 1000 NOCACHE  ORDER  NOCYCLE ;
--------------------------------------------------------
--  DDL for Sequence ROOMS_ROOM_NO_SEQ
--------------------------------------------------------

   CREATE SEQUENCE  "HOTEL_ADMIN"."ROOMS_ROOM_NO_SEQ"  MINVALUE 1 MAXVALUE 9999999999999999999999999999 INCREMENT BY 1 START WITH 1000 NOCACHE  ORDER  NOCYCLE ;
--------------------------------------------------------
--  DDL for Sequence SECURITY_SECURITY_ID_SEQ
--------------------------------------------------------

   CREATE SEQUENCE  "HOTEL_ADMIN"."SECURITY_SECURITY_ID_SEQ"  MINVALUE 1 MAXVALUE 9999999999999999999999999999 INCREMENT BY 1 START WITH 1018 NOCACHE  ORDER  NOCYCLE ;
--------------------------------------------------------
--  DDL for Sequence SHUTTLE_BUS_ID_SEQ
--------------------------------------------------------

   CREATE SEQUENCE  "HOTEL_ADMIN"."SHUTTLE_BUS_ID_SEQ"  MINVALUE 1 MAXVALUE 9999999999999999999999999999 INCREMENT BY 1 START WITH 1000 NOCACHE  ORDER  NOCYCLE ;
--------------------------------------------------------
--  DDL for Sequence USER_USER_ID_SEQ
--------------------------------------------------------

   CREATE SEQUENCE  "HOTEL_ADMIN"."USER_USER_ID_SEQ"  MINVALUE 1 MAXVALUE 9999999999999999999999999999 INCREMENT BY 1 START WITH 1004 NOCACHE  ORDER  NOCYCLE ;
--------------------------------------------------------
--  DDL for Table EMPLOYEE
--------------------------------------------------------

  CREATE TABLE "HOTEL_ADMIN"."EMPLOYEE" 
   (	"EMP_ID" NUMBER(*,0), 
	"FNAME" VARCHAR2(20 BYTE), 
	"LNAME" VARCHAR2(20 BYTE), 
	"PH" VARCHAR2(12 BYTE), 
	"EXT" VARCHAR2(3 BYTE), 
	"MANAGER_ID" NUMBER(*,0), 
	"SECURITY_ID" NUMBER(38,0)
   ) SEGMENT CREATION IMMEDIATE 
  PCTFREE 10 PCTUSED 40 INITRANS 1 MAXTRANS 255 NOCOMPRESS LOGGING
  STORAGE(INITIAL 65536 NEXT 1048576 MINEXTENTS 1 MAXEXTENTS 2147483645
  PCTINCREASE 0 FREELISTS 1 FREELIST GROUPS 1 BUFFER_POOL DEFAULT FLASH_CACHE DEFAULT CELL_FLASH_CACHE DEFAULT)
  TABLESPACE "USERS" ;
--------------------------------------------------------
--  DDL for Table INVENTORY
--------------------------------------------------------

  CREATE TABLE "HOTEL_ADMIN"."INVENTORY" 
   (	"ITEM_ID" NUMBER(*,0), 
	"PRICE_PER_UNIT" NUMBER(5,2), 
	"AVAILABLE_UNITS" NUMBER(*,0), 
	"TOTAL_UNITS" NUMBER(*,0), 
	"ITEM_TYPE" VARCHAR2(25 BYTE), 
	"DESCRIPTION" VARCHAR2(200 BYTE), 
	"IMAGE" VARCHAR2(300 BYTE)
   ) SEGMENT CREATION IMMEDIATE 
  PCTFREE 10 PCTUSED 40 INITRANS 1 MAXTRANS 255 NOCOMPRESS LOGGING
  STORAGE(INITIAL 65536 NEXT 1048576 MINEXTENTS 1 MAXEXTENTS 2147483645
  PCTINCREASE 0 FREELISTS 1 FREELIST GROUPS 1 BUFFER_POOL DEFAULT FLASH_CACHE DEFAULT CELL_FLASH_CACHE DEFAULT)
  TABLESPACE "USERS" ;
--------------------------------------------------------
--  DDL for Table ORDERS
--------------------------------------------------------

  CREATE TABLE "HOTEL_ADMIN"."ORDERS" 
   (	"ORDER_ID" NUMBER(*,0), 
	"DATE_CREATED" DATE, 
	"USER_ID" NUMBER(*,0), 
	"STATUS" VARCHAR2(20 BYTE), 
	"DATE_OF_LAST_CHANGE" DATE, 
	"REVIEWED_BY" NUMBER(*,0), 
	"CREATED_BY" NUMBER(*,0)
   ) SEGMENT CREATION IMMEDIATE 
  PCTFREE 10 PCTUSED 40 INITRANS 1 MAXTRANS 255 NOCOMPRESS LOGGING
  STORAGE(INITIAL 65536 NEXT 1048576 MINEXTENTS 1 MAXEXTENTS 2147483645
  PCTINCREASE 0 FREELISTS 1 FREELIST GROUPS 1 BUFFER_POOL DEFAULT FLASH_CACHE DEFAULT CELL_FLASH_CACHE DEFAULT)
  TABLESPACE "USERS" ;
--------------------------------------------------------
--  DDL for Table ORDER_DETAILS
--------------------------------------------------------

  CREATE TABLE "HOTEL_ADMIN"."ORDER_DETAILS" 
   (	"ORDER_DETAIL_ID" NUMBER(*,0), 
	"ORDER_ID" NUMBER(*,0), 
	"ITEM_ID" NUMBER(*,0), 
	"QUANTITY" NUMBER(*,0), 
	"SERVICE_START" DATE, 
	"SERVICE_END" DATE, 
	"GRAND_TOTAL" NUMBER(7,2)
   ) SEGMENT CREATION IMMEDIATE 
  PCTFREE 10 PCTUSED 40 INITRANS 1 MAXTRANS 255 NOCOMPRESS LOGGING
  STORAGE(INITIAL 65536 NEXT 1048576 MINEXTENTS 1 MAXEXTENTS 2147483645
  PCTINCREASE 0 FREELISTS 1 FREELIST GROUPS 1 BUFFER_POOL DEFAULT FLASH_CACHE DEFAULT CELL_FLASH_CACHE DEFAULT)
  TABLESPACE "USERS" ;
--------------------------------------------------------
--  DDL for Table RESTAURANT
--------------------------------------------------------

  CREATE TABLE "HOTEL_ADMIN"."RESTAURANT" 
   (	"TABLE_ID" NUMBER(*,0), 
	"TABLE_SIZE" NUMBER(*,0), 
	"ITEM_ID" NUMBER(*,0)
   ) SEGMENT CREATION IMMEDIATE 
  PCTFREE 10 PCTUSED 40 INITRANS 1 MAXTRANS 255 NOCOMPRESS LOGGING
  STORAGE(INITIAL 65536 NEXT 1048576 MINEXTENTS 1 MAXEXTENTS 2147483645
  PCTINCREASE 0 FREELISTS 1 FREELIST GROUPS 1 BUFFER_POOL DEFAULT FLASH_CACHE DEFAULT CELL_FLASH_CACHE DEFAULT)
  TABLESPACE "USERS" ;
--------------------------------------------------------
--  DDL for Table ROOMS
--------------------------------------------------------

  CREATE TABLE "HOTEL_ADMIN"."ROOMS" 
   (	"ITEM_ID" NUMBER(*,0), 
	"ROOM_NO" NUMBER(*,0)
   ) SEGMENT CREATION IMMEDIATE 
  PCTFREE 10 PCTUSED 40 INITRANS 1 MAXTRANS 255 NOCOMPRESS LOGGING
  STORAGE(INITIAL 65536 NEXT 1048576 MINEXTENTS 1 MAXEXTENTS 2147483645
  PCTINCREASE 0 FREELISTS 1 FREELIST GROUPS 1 BUFFER_POOL DEFAULT FLASH_CACHE DEFAULT CELL_FLASH_CACHE DEFAULT)
  TABLESPACE "USERS" ;
--------------------------------------------------------
--  DDL for Table SECURITY
--------------------------------------------------------

  CREATE TABLE "HOTEL_ADMIN"."SECURITY" 
   (	"SECURITY_ID" NUMBER(*,0), 
	"USERNAME" VARCHAR2(12 BYTE), 
	"PASS" VARCHAR2(68 BYTE), 
	"USER_TYPE" VARCHAR2(50 BYTE)
   ) SEGMENT CREATION IMMEDIATE 
  PCTFREE 10 PCTUSED 40 INITRANS 1 MAXTRANS 255 NOCOMPRESS LOGGING
  STORAGE(INITIAL 65536 NEXT 1048576 MINEXTENTS 1 MAXEXTENTS 2147483645
  PCTINCREASE 0 FREELISTS 1 FREELIST GROUPS 1 BUFFER_POOL DEFAULT FLASH_CACHE DEFAULT CELL_FLASH_CACHE DEFAULT)
  TABLESPACE "USERS" ;
--------------------------------------------------------
--  DDL for Table SHUTTLE
--------------------------------------------------------

  CREATE TABLE "HOTEL_ADMIN"."SHUTTLE" 
   (	"BUS_ID" NUMBER(*,0), 
	"ITEM_ID" NUMBER(*,0)
   ) SEGMENT CREATION IMMEDIATE 
  PCTFREE 10 PCTUSED 40 INITRANS 1 MAXTRANS 255 NOCOMPRESS LOGGING
  STORAGE(INITIAL 65536 NEXT 1048576 MINEXTENTS 1 MAXEXTENTS 2147483645
  PCTINCREASE 0 FREELISTS 1 FREELIST GROUPS 1 BUFFER_POOL DEFAULT FLASH_CACHE DEFAULT CELL_FLASH_CACHE DEFAULT)
  TABLESPACE "USERS" ;
--------------------------------------------------------
--  DDL for Table USER
--------------------------------------------------------

  CREATE TABLE "HOTEL_ADMIN"."USER" 
   (	"USER_ID" NUMBER(*,0), 
	"FNAME" VARCHAR2(20 BYTE), 
	"LNAME" VARCHAR2(20 BYTE), 
	"PH" VARCHAR2(16 BYTE), 
	"EMAIL" VARCHAR2(30 BYTE), 
	"STREET_ADDRESS" VARCHAR2(50 BYTE), 
	"CITY" VARCHAR2(15 BYTE), 
	"STATE" VARCHAR2(20 BYTE), 
	"PREFERENCES" VARCHAR2(1000 BYTE), 
	"CREDIT_CARD_NUMBER" VARCHAR2(30 BYTE), 
	"SECURITY_ID" NUMBER(38,0)
   ) SEGMENT CREATION IMMEDIATE 
  PCTFREE 10 PCTUSED 40 INITRANS 1 MAXTRANS 255 NOCOMPRESS LOGGING
  STORAGE(INITIAL 65536 NEXT 1048576 MINEXTENTS 1 MAXEXTENTS 2147483645
  PCTINCREASE 0 FREELISTS 1 FREELIST GROUPS 1 BUFFER_POOL DEFAULT FLASH_CACHE DEFAULT CELL_FLASH_CACHE DEFAULT)
  TABLESPACE "USERS" ;
REM INSERTING into HOTEL_ADMIN.EMPLOYEE
SET DEFINE OFF;
Insert into HOTEL_ADMIN.EMPLOYEE (EMP_ID,FNAME,LNAME,PH,EXT,MANAGER_ID,SECURITY_ID) values (1,'Ricardo','Rivera','800-234-5678','440',4,1014);
Insert into HOTEL_ADMIN.EMPLOYEE (EMP_ID,FNAME,LNAME,PH,EXT,MANAGER_ID,SECURITY_ID) values (2,'Miriam','Gardner','800-234-5678','221',4,1015);
Insert into HOTEL_ADMIN.EMPLOYEE (EMP_ID,FNAME,LNAME,PH,EXT,MANAGER_ID,SECURITY_ID) values (3,'William','Guy','232-343-4433',null,2,1016);
Insert into HOTEL_ADMIN.EMPLOYEE (EMP_ID,FNAME,LNAME,PH,EXT,MANAGER_ID,SECURITY_ID) values (4,'Claudia','Rollter','800-443-5678','100',0,1017);
REM INSERTING into HOTEL_ADMIN.INVENTORY
SET DEFINE OFF;
Insert into HOTEL_ADMIN.INVENTORY (ITEM_ID,PRICE_PER_UNIT,AVAILABLE_UNITS,TOTAL_UNITS,ITEM_TYPE,DESCRIPTION,IMAGE) values (1000,50,100,100,'bus','bus ride','shuttle-bus.jpeg');
Insert into HOTEL_ADMIN.INVENTORY (ITEM_ID,PRICE_PER_UNIT,AVAILABLE_UNITS,TOTAL_UNITS,ITEM_TYPE,DESCRIPTION,IMAGE) values (1001,350,55,75,'one-bedroom','one-bedroom','Hotel room2.jpeg');
Insert into HOTEL_ADMIN.INVENTORY (ITEM_ID,PRICE_PER_UNIT,AVAILABLE_UNITS,TOTAL_UNITS,ITEM_TYPE,DESCRIPTION,IMAGE) values (1002,400,12,20,'queen-bedroom','queen-bedroom','Hotel Room4.jpeg');
Insert into HOTEL_ADMIN.INVENTORY (ITEM_ID,PRICE_PER_UNIT,AVAILABLE_UNITS,TOTAL_UNITS,ITEM_TYPE,DESCRIPTION,IMAGE) values (1003,0,35,40,'restaurant','restaurant table','restaurant.jpeg');
REM INSERTING into HOTEL_ADMIN.ORDERS
SET DEFINE OFF;
Insert into HOTEL_ADMIN.ORDERS (ORDER_ID,DATE_CREATED,USER_ID,STATUS,DATE_OF_LAST_CHANGE,REVIEWED_BY,CREATED_BY) values (1000,to_date('25-AUG-18','DD-MON-RR'),1000,'Not paid',to_date('25-AUG-18','DD-MON-RR'),4,2);
Insert into HOTEL_ADMIN.ORDERS (ORDER_ID,DATE_CREATED,USER_ID,STATUS,DATE_OF_LAST_CHANGE,REVIEWED_BY,CREATED_BY) values (1001,to_date('03-JUN-18','DD-MON-RR'),1001,'Paid',to_date('21-AUG-18','DD-MON-RR'),1,2);
Insert into HOTEL_ADMIN.ORDERS (ORDER_ID,DATE_CREATED,USER_ID,STATUS,DATE_OF_LAST_CHANGE,REVIEWED_BY,CREATED_BY) values (1002,to_date('01-JUL-18','DD-MON-RR'),1001,'Not paid',to_date('01-JUL-18','DD-MON-RR'),2,1);
Insert into HOTEL_ADMIN.ORDERS (ORDER_ID,DATE_CREATED,USER_ID,STATUS,DATE_OF_LAST_CHANGE,REVIEWED_BY,CREATED_BY) values (1003,to_date('12-MAY-18','DD-MON-RR'),1003,'Canceled',to_date('10-AUG-18','DD-MON-RR'),4,1);
REM INSERTING into HOTEL_ADMIN.ORDER_DETAILS
SET DEFINE OFF;
Insert into HOTEL_ADMIN.ORDER_DETAILS (ORDER_DETAIL_ID,ORDER_ID,ITEM_ID,QUANTITY,SERVICE_START,SERVICE_END,GRAND_TOTAL) values (1000,1000,1001,1,to_date('01-SEP-18','DD-MON-RR'),to_date('06-SEP-18','DD-MON-RR'),1890);
Insert into HOTEL_ADMIN.ORDER_DETAILS (ORDER_DETAIL_ID,ORDER_ID,ITEM_ID,QUANTITY,SERVICE_START,SERVICE_END,GRAND_TOTAL) values (1001,1001,1003,1,to_date('20-AUG-18','DD-MON-RR'),to_date('28-AUG-18','DD-MON-RR'),3475);
Insert into HOTEL_ADMIN.ORDER_DETAILS (ORDER_DETAIL_ID,ORDER_ID,ITEM_ID,QUANTITY,SERVICE_START,SERVICE_END,GRAND_TOTAL) values (1002,1002,1000,3,to_date('28-AUG-18','DD-MON-RR'),to_date('28-AUG-18','DD-MON-RR'),150);
Insert into HOTEL_ADMIN.ORDER_DETAILS (ORDER_DETAIL_ID,ORDER_ID,ITEM_ID,QUANTITY,SERVICE_START,SERVICE_END,GRAND_TOTAL) values (1003,1003,1001,1,to_date('15-JUL-18','DD-MON-RR'),to_date('25-JUL-18','DD-MON-RR'),3890);
REM INSERTING into HOTEL_ADMIN.RESTAURANT
SET DEFINE OFF;
Insert into HOTEL_ADMIN.RESTAURANT (TABLE_ID,TABLE_SIZE,ITEM_ID) values (1,10,1003);
Insert into HOTEL_ADMIN.RESTAURANT (TABLE_ID,TABLE_SIZE,ITEM_ID) values (2,10,1003);
Insert into HOTEL_ADMIN.RESTAURANT (TABLE_ID,TABLE_SIZE,ITEM_ID) values (3,6,1003);
Insert into HOTEL_ADMIN.RESTAURANT (TABLE_ID,TABLE_SIZE,ITEM_ID) values (4,20,1003);
REM INSERTING into HOTEL_ADMIN.ROOMS
SET DEFINE OFF;
Insert into HOTEL_ADMIN.ROOMS (ITEM_ID,ROOM_NO) values (1001,101);
Insert into HOTEL_ADMIN.ROOMS (ITEM_ID,ROOM_NO) values (1001,132);
Insert into HOTEL_ADMIN.ROOMS (ITEM_ID,ROOM_NO) values (1002,224);
Insert into HOTEL_ADMIN.ROOMS (ITEM_ID,ROOM_NO) values (1002,234);
REM INSERTING into HOTEL_ADMIN.SECURITY
SET DEFINE OFF;
Insert into HOTEL_ADMIN.SECURITY (SECURITY_ID,USERNAME,PASS,USER_TYPE) values (1010,'jj123','{bcrypt}$2a$10$z5LIpZJlqqu11yZp3zUfoOdD74oUDNgzUwAZOBqHy/LqMd0qdw6bq','customer');
Insert into HOTEL_ADMIN.SECURITY (SECURITY_ID,USERNAME,PASS,USER_TYPE) values (1011,'rsmith81','{bcrypt}$2a$10$LHPkWydwA0BtR8yu3frNZud4DbGBojVOPg7lQcyPMyjaZ6gdkV3z2','customer');
Insert into HOTEL_ADMIN.SECURITY (SECURITY_ID,USERNAME,PASS,USER_TYPE) values (1012,'watson','{bcrypt}$2a$10$MXYXE5GnqBkjRuvO4m.O7Oe8FtbjUvd97Tn5qh6zdEMfHe4Y2Iim2','customer');
Insert into HOTEL_ADMIN.SECURITY (SECURITY_ID,USERNAME,PASS,USER_TYPE) values (1013,'Christie10','{bcrypt}$2a$10$nHrBmWX3nv3VzCg68bhsTu8oiobVkNt96bwTcAL3SoCriewd2.ApO','customer');
Insert into HOTEL_ADMIN.SECURITY (SECURITY_ID,USERNAME,PASS,USER_TYPE) values (1014,'RRivera','{bcrypt}$2a$10$iDjml63h7Og.31fqAKLRSecsade3PTN4t.rvXkRIXjYGy1sAFdDJu','employee');
Insert into HOTEL_ADMIN.SECURITY (SECURITY_ID,USERNAME,PASS,USER_TYPE) values (1015,'MGardner','{bcrypt}$2a$10$XDpc2t2tCT/AzvuYGh71y.Jfc8MMSamYclnDTX7KWDBAI4C0dDwmW','employee');
Insert into HOTEL_ADMIN.SECURITY (SECURITY_ID,USERNAME,PASS,USER_TYPE) values (1016,'WGuy','{bcrypt}$2a$10$GZhzVfvE4bxmqi1ufaFceOmkly3/z87.6zksNSySmjc0j6pNJqPwe','employee');
Insert into HOTEL_ADMIN.SECURITY (SECURITY_ID,USERNAME,PASS,USER_TYPE) values (1017,'CRollter','{bcrypt}$2a$10$AcCmtTj4wRhABxcAQaotL.NTfN8KdBZ2N7EgRHA5.PjTsS4EQQzcq','employee');
REM INSERTING into HOTEL_ADMIN.SHUTTLE
SET DEFINE OFF;
Insert into HOTEL_ADMIN.SHUTTLE (BUS_ID,ITEM_ID) values (101,1000);
Insert into HOTEL_ADMIN.SHUTTLE (BUS_ID,ITEM_ID) values (102,1000);
Insert into HOTEL_ADMIN.SHUTTLE (BUS_ID,ITEM_ID) values (103,1000);
Insert into HOTEL_ADMIN.SHUTTLE (BUS_ID,ITEM_ID) values (104,1000);
REM INSERTING into HOTEL_ADMIN."USER"
SET DEFINE OFF;
Insert into HOTEL_ADMIN."USER" (USER_ID,FNAME,LNAME,PH,EMAIL,STREET_ADDRESS,CITY,STATE,PREFERENCES,CREDIT_CARD_NUMBER,SECURITY_ID) values (1000,'Jessica','Jones','9743952957','jjones@gmail.com','1 Cavalier Dr','Birmingham','AL','Room temp at 72F','875758746847206/03/2019/353',1010);
Insert into HOTEL_ADMIN."USER" (USER_ID,FNAME,LNAME,PH,EMAIL,STREET_ADDRESS,CITY,STATE,PREFERENCES,CREDIT_CARD_NUMBER,SECURITY_ID) values (1001,'Robert','Smith','14878745459','rsmith@yahoo.com','2200 SW 4900 str','Salt Lake City','Utah','N/A','74956566422587040/05/2021/454',1011);
Insert into HOTEL_ADMIN."USER" (USER_ID,FNAME,LNAME,PH,EMAIL,STREET_ADDRESS,CITY,STATE,PREFERENCES,CREDIT_CARD_NUMBER,SECURITY_ID) values (1002,'Eugene','Watson','860629434594','eugene08@gmail.com','113 Burlington Dr','Liverpool','UK','Embroided initials on pillow cases, a cooled botte of champagne available','334085857503004/08/2020/121',1012);
Insert into HOTEL_ADMIN."USER" (USER_ID,FNAME,LNAME,PH,EMAIL,STREET_ADDRESS,CITY,STATE,PREFERENCES,CREDIT_CARD_NUMBER,SECURITY_ID) values (1003,'Cristina','Williams','85758945947','cristina_williams@yahoo.com','200 Buena Vista Dr','Rio Rancho','CA','extra towels in the room','80457485847448/03/2019/667',1013);
--------------------------------------------------------
--  DDL for Index EMPLOYEE_PK
--------------------------------------------------------

  CREATE UNIQUE INDEX "HOTEL_ADMIN"."EMPLOYEE_PK" ON "HOTEL_ADMIN"."EMPLOYEE" ("EMP_ID") 
  PCTFREE 10 INITRANS 2 MAXTRANS 255 COMPUTE STATISTICS 
  STORAGE(INITIAL 65536 NEXT 1048576 MINEXTENTS 1 MAXEXTENTS 2147483645
  PCTINCREASE 0 FREELISTS 1 FREELIST GROUPS 1 BUFFER_POOL DEFAULT FLASH_CACHE DEFAULT CELL_FLASH_CACHE DEFAULT)
  TABLESPACE "USERS" ;
--------------------------------------------------------
--  DDL for Index INVENTORY_PK
--------------------------------------------------------

  CREATE UNIQUE INDEX "HOTEL_ADMIN"."INVENTORY_PK" ON "HOTEL_ADMIN"."INVENTORY" ("ITEM_ID") 
  PCTFREE 10 INITRANS 2 MAXTRANS 255 COMPUTE STATISTICS 
  STORAGE(INITIAL 65536 NEXT 1048576 MINEXTENTS 1 MAXEXTENTS 2147483645
  PCTINCREASE 0 FREELISTS 1 FREELIST GROUPS 1 BUFFER_POOL DEFAULT FLASH_CACHE DEFAULT CELL_FLASH_CACHE DEFAULT)
  TABLESPACE "USERS" ;
--------------------------------------------------------
--  DDL for Index ORDERS_PK
--------------------------------------------------------

  CREATE UNIQUE INDEX "HOTEL_ADMIN"."ORDERS_PK" ON "HOTEL_ADMIN"."ORDERS" ("ORDER_ID") 
  PCTFREE 10 INITRANS 2 MAXTRANS 255 COMPUTE STATISTICS 
  STORAGE(INITIAL 65536 NEXT 1048576 MINEXTENTS 1 MAXEXTENTS 2147483645
  PCTINCREASE 0 FREELISTS 1 FREELIST GROUPS 1 BUFFER_POOL DEFAULT FLASH_CACHE DEFAULT CELL_FLASH_CACHE DEFAULT)
  TABLESPACE "USERS" ;
--------------------------------------------------------
--  DDL for Index ORDER_DETAILS_PK
--------------------------------------------------------

  CREATE UNIQUE INDEX "HOTEL_ADMIN"."ORDER_DETAILS_PK" ON "HOTEL_ADMIN"."ORDER_DETAILS" ("ORDER_DETAIL_ID") 
  PCTFREE 10 INITRANS 2 MAXTRANS 255 COMPUTE STATISTICS 
  STORAGE(INITIAL 65536 NEXT 1048576 MINEXTENTS 1 MAXEXTENTS 2147483645
  PCTINCREASE 0 FREELISTS 1 FREELIST GROUPS 1 BUFFER_POOL DEFAULT FLASH_CACHE DEFAULT CELL_FLASH_CACHE DEFAULT)
  TABLESPACE "USERS" ;
--------------------------------------------------------
--  DDL for Index RESTAURANT_PKV1
--------------------------------------------------------

  CREATE UNIQUE INDEX "HOTEL_ADMIN"."RESTAURANT_PKV1" ON "HOTEL_ADMIN"."RESTAURANT" ("TABLE_ID") 
  PCTFREE 10 INITRANS 2 MAXTRANS 255 COMPUTE STATISTICS 
  STORAGE(INITIAL 65536 NEXT 1048576 MINEXTENTS 1 MAXEXTENTS 2147483645
  PCTINCREASE 0 FREELISTS 1 FREELIST GROUPS 1 BUFFER_POOL DEFAULT FLASH_CACHE DEFAULT CELL_FLASH_CACHE DEFAULT)
  TABLESPACE "USERS" ;
--------------------------------------------------------
--  DDL for Index ROOMS_PK
--------------------------------------------------------

  CREATE UNIQUE INDEX "HOTEL_ADMIN"."ROOMS_PK" ON "HOTEL_ADMIN"."ROOMS" ("ROOM_NO") 
  PCTFREE 10 INITRANS 2 MAXTRANS 255 COMPUTE STATISTICS 
  STORAGE(INITIAL 65536 NEXT 1048576 MINEXTENTS 1 MAXEXTENTS 2147483645
  PCTINCREASE 0 FREELISTS 1 FREELIST GROUPS 1 BUFFER_POOL DEFAULT FLASH_CACHE DEFAULT CELL_FLASH_CACHE DEFAULT)
  TABLESPACE "USERS" ;
--------------------------------------------------------
--  DDL for Index SECURITY_PK
--------------------------------------------------------

  CREATE UNIQUE INDEX "HOTEL_ADMIN"."SECURITY_PK" ON "HOTEL_ADMIN"."SECURITY" ("SECURITY_ID") 
  PCTFREE 10 INITRANS 2 MAXTRANS 255 COMPUTE STATISTICS 
  STORAGE(INITIAL 65536 NEXT 1048576 MINEXTENTS 1 MAXEXTENTS 2147483645
  PCTINCREASE 0 FREELISTS 1 FREELIST GROUPS 1 BUFFER_POOL DEFAULT FLASH_CACHE DEFAULT CELL_FLASH_CACHE DEFAULT)
  TABLESPACE "USERS" ;
--------------------------------------------------------
--  DDL for Index SHUTTLE_PK
--------------------------------------------------------

  CREATE UNIQUE INDEX "HOTEL_ADMIN"."SHUTTLE_PK" ON "HOTEL_ADMIN"."SHUTTLE" ("BUS_ID") 
  PCTFREE 10 INITRANS 2 MAXTRANS 255 COMPUTE STATISTICS 
  STORAGE(INITIAL 65536 NEXT 1048576 MINEXTENTS 1 MAXEXTENTS 2147483645
  PCTINCREASE 0 FREELISTS 1 FREELIST GROUPS 1 BUFFER_POOL DEFAULT FLASH_CACHE DEFAULT CELL_FLASH_CACHE DEFAULT)
  TABLESPACE "USERS" ;
--------------------------------------------------------
--  DDL for Index USER_PK
--------------------------------------------------------

  CREATE UNIQUE INDEX "HOTEL_ADMIN"."USER_PK" ON "HOTEL_ADMIN"."USER" ("USER_ID") 
  PCTFREE 10 INITRANS 2 MAXTRANS 255 COMPUTE STATISTICS 
  STORAGE(INITIAL 65536 NEXT 1048576 MINEXTENTS 1 MAXEXTENTS 2147483645
  PCTINCREASE 0 FREELISTS 1 FREELIST GROUPS 1 BUFFER_POOL DEFAULT FLASH_CACHE DEFAULT CELL_FLASH_CACHE DEFAULT)
  TABLESPACE "USERS" ;
--------------------------------------------------------
--  DDL for Trigger INVENTORY_ITEM_ID_TRG
--------------------------------------------------------

  CREATE OR REPLACE TRIGGER "HOTEL_ADMIN"."INVENTORY_ITEM_ID_TRG" BEFORE
    INSERT ON inventory
    FOR EACH ROW
     WHEN ( new.item_id IS NULL ) BEGIN
    :new.item_id := inventory_item_id_seq.nextval;
END;

/
ALTER TRIGGER "HOTEL_ADMIN"."INVENTORY_ITEM_ID_TRG" ENABLE;
--------------------------------------------------------
--  DDL for Trigger OD_ORDER_DETAIL_TRG
--------------------------------------------------------

  CREATE OR REPLACE TRIGGER "HOTEL_ADMIN"."OD_ORDER_DETAIL_TRG" BEFORE
    INSERT ON order_details
    FOR EACH ROW
     WHEN ( new.order_detail_id IS NULL ) BEGIN
    :new.order_detail_id := od_order_detail_id_seq.nextval;
END;

/
ALTER TRIGGER "HOTEL_ADMIN"."OD_ORDER_DETAIL_TRG" ENABLE;
--------------------------------------------------------
--  DDL for Trigger ORDERS_ORDER_ID_TRG
--------------------------------------------------------

  CREATE OR REPLACE TRIGGER "HOTEL_ADMIN"."ORDERS_ORDER_ID_TRG" BEFORE
    INSERT ON orders
    FOR EACH ROW
     WHEN ( new.order_id IS NULL ) BEGIN
    :new.order_id := orders_order_id_seq.nextval;
END;

/
ALTER TRIGGER "HOTEL_ADMIN"."ORDERS_ORDER_ID_TRG" ENABLE;
--------------------------------------------------------
--  DDL for Trigger RESTAURANT_TABLE_ID_TRG
--------------------------------------------------------

  CREATE OR REPLACE TRIGGER "HOTEL_ADMIN"."RESTAURANT_TABLE_ID_TRG" BEFORE
    INSERT ON restaurant
    FOR EACH ROW
     WHEN ( new.table_id IS NULL ) BEGIN
    :new.table_id := restaurant_table_id_seq.nextval;
END;

/
ALTER TRIGGER "HOTEL_ADMIN"."RESTAURANT_TABLE_ID_TRG" ENABLE;
--------------------------------------------------------
--  DDL for Trigger ROOMS_ROOM_NO_TRG
--------------------------------------------------------

  CREATE OR REPLACE TRIGGER "HOTEL_ADMIN"."ROOMS_ROOM_NO_TRG" BEFORE
    INSERT ON rooms
    FOR EACH ROW
     WHEN ( new.room_no IS NULL ) BEGIN
    :new.room_no := rooms_room_no_seq.nextval;
END;

/
ALTER TRIGGER "HOTEL_ADMIN"."ROOMS_ROOM_NO_TRG" ENABLE;
--------------------------------------------------------
--  DDL for Trigger SECURITY_SECURITY_ID_TRG
--------------------------------------------------------

  CREATE OR REPLACE TRIGGER "HOTEL_ADMIN"."SECURITY_SECURITY_ID_TRG" BEFORE
    INSERT ON "SECURITY"
    FOR EACH ROW
     WHEN ( new.security_id IS NULL ) BEGIN
    :new.security_id := security_security_id_seq.nextval;
END;

/
ALTER TRIGGER "HOTEL_ADMIN"."SECURITY_SECURITY_ID_TRG" ENABLE;
--------------------------------------------------------
--  DDL for Trigger SHUTTLE_BUS_ID_TRG
--------------------------------------------------------

  CREATE OR REPLACE TRIGGER "HOTEL_ADMIN"."SHUTTLE_BUS_ID_TRG" BEFORE
    INSERT ON shuttle
    FOR EACH ROW
     WHEN ( new.bus_id IS NULL ) BEGIN
    :new.bus_id := shuttle_bus_id_seq.nextval;
END;

/
ALTER TRIGGER "HOTEL_ADMIN"."SHUTTLE_BUS_ID_TRG" ENABLE;
--------------------------------------------------------
--  DDL for Trigger UPDATE_ORDER_TOTAL
--------------------------------------------------------

  CREATE OR REPLACE TRIGGER "HOTEL_ADMIN"."UPDATE_ORDER_TOTAL" 
after insert or update or delete on demo_order_items
begin

-- Update the Order Total when any order item is changed

update demo_orders set order_total =
  (select sum(unit_price*quantity) from demo_order_items
    where demo_order_items.order_id = demo_orders.order_id);
end;
/
ALTER TRIGGER "HOTEL_ADMIN"."UPDATE_ORDER_TOTAL" ENABLE;
--------------------------------------------------------
--  DDL for Trigger USER_USER_ID_TRG
--------------------------------------------------------

  CREATE OR REPLACE TRIGGER "HOTEL_ADMIN"."USER_USER_ID_TRG" BEFORE
    INSERT ON "USER"
    FOR EACH ROW
     WHEN ( new.user_id IS NULL ) BEGIN
    :new.user_id := user_user_id_seq.nextval;
END;

/
ALTER TRIGGER "HOTEL_ADMIN"."USER_USER_ID_TRG" ENABLE;
--------------------------------------------------------
--  DDL for Trigger EMPLOYEE_EMP_ID_TRG
--------------------------------------------------------

  CREATE OR REPLACE TRIGGER "HOTEL_ADMIN"."EMPLOYEE_EMP_ID_TRG" 
BEFORE
    INSERT ON employee
    FOR EACH ROW
     WHEN ( new.emp_id IS NULL ) BEGIN
    :new.emp_id := employee_emp_id_seq.nextval;
END;

/
ALTER TRIGGER "HOTEL_ADMIN"."EMPLOYEE_EMP_ID_TRG" ENABLE;
--------------------------------------------------------
--  Constraints for Table EMPLOYEE
--------------------------------------------------------

  ALTER TABLE "HOTEL_ADMIN"."EMPLOYEE" ADD CONSTRAINT "EMPLOYEE_PK" PRIMARY KEY ("EMP_ID")
  USING INDEX PCTFREE 10 INITRANS 2 MAXTRANS 255 COMPUTE STATISTICS 
  STORAGE(INITIAL 65536 NEXT 1048576 MINEXTENTS 1 MAXEXTENTS 2147483645
  PCTINCREASE 0 FREELISTS 1 FREELIST GROUPS 1 BUFFER_POOL DEFAULT FLASH_CACHE DEFAULT CELL_FLASH_CACHE DEFAULT)
  TABLESPACE "USERS"  ENABLE;
  ALTER TABLE "HOTEL_ADMIN"."EMPLOYEE" MODIFY ("MANAGER_ID" CONSTRAINT "EMPID" NOT NULL ENABLE);
  ALTER TABLE "HOTEL_ADMIN"."EMPLOYEE" MODIFY ("EMP_ID" NOT NULL ENABLE);
--------------------------------------------------------
--  Constraints for Table INVENTORY
--------------------------------------------------------

  ALTER TABLE "HOTEL_ADMIN"."INVENTORY" ADD CONSTRAINT "INVENTORY_PK" PRIMARY KEY ("ITEM_ID")
  USING INDEX PCTFREE 10 INITRANS 2 MAXTRANS 255 COMPUTE STATISTICS 
  STORAGE(INITIAL 65536 NEXT 1048576 MINEXTENTS 1 MAXEXTENTS 2147483645
  PCTINCREASE 0 FREELISTS 1 FREELIST GROUPS 1 BUFFER_POOL DEFAULT FLASH_CACHE DEFAULT CELL_FLASH_CACHE DEFAULT)
  TABLESPACE "USERS"  ENABLE;
  ALTER TABLE "HOTEL_ADMIN"."INVENTORY" MODIFY ("ITEM_ID" NOT NULL ENABLE);
--------------------------------------------------------
--  Constraints for Table ORDERS
--------------------------------------------------------

  ALTER TABLE "HOTEL_ADMIN"."ORDERS" ADD CONSTRAINT "ORDERS_PK" PRIMARY KEY ("ORDER_ID")
  USING INDEX PCTFREE 10 INITRANS 2 MAXTRANS 255 COMPUTE STATISTICS 
  STORAGE(INITIAL 65536 NEXT 1048576 MINEXTENTS 1 MAXEXTENTS 2147483645
  PCTINCREASE 0 FREELISTS 1 FREELIST GROUPS 1 BUFFER_POOL DEFAULT FLASH_CACHE DEFAULT CELL_FLASH_CACHE DEFAULT)
  TABLESPACE "USERS"  ENABLE;
  ALTER TABLE "HOTEL_ADMIN"."ORDERS" MODIFY ("CREATED_BY" NOT NULL ENABLE);
  ALTER TABLE "HOTEL_ADMIN"."ORDERS" MODIFY ("REVIEWED_BY" NOT NULL ENABLE);
  ALTER TABLE "HOTEL_ADMIN"."ORDERS" MODIFY ("USER_ID" NOT NULL ENABLE);
  ALTER TABLE "HOTEL_ADMIN"."ORDERS" MODIFY ("ORDER_ID" NOT NULL ENABLE);
--------------------------------------------------------
--  Constraints for Table ORDER_DETAILS
--------------------------------------------------------

  ALTER TABLE "HOTEL_ADMIN"."ORDER_DETAILS" ADD CONSTRAINT "ORDER_DETAILS_PK" PRIMARY KEY ("ORDER_DETAIL_ID")
  USING INDEX PCTFREE 10 INITRANS 2 MAXTRANS 255 COMPUTE STATISTICS 
  STORAGE(INITIAL 65536 NEXT 1048576 MINEXTENTS 1 MAXEXTENTS 2147483645
  PCTINCREASE 0 FREELISTS 1 FREELIST GROUPS 1 BUFFER_POOL DEFAULT FLASH_CACHE DEFAULT CELL_FLASH_CACHE DEFAULT)
  TABLESPACE "USERS"  ENABLE;
  ALTER TABLE "HOTEL_ADMIN"."ORDER_DETAILS" MODIFY ("SERVICE_END" NOT NULL ENABLE);
  ALTER TABLE "HOTEL_ADMIN"."ORDER_DETAILS" MODIFY ("SERVICE_START" NOT NULL ENABLE);
  ALTER TABLE "HOTEL_ADMIN"."ORDER_DETAILS" MODIFY ("ITEM_ID" NOT NULL ENABLE);
  ALTER TABLE "HOTEL_ADMIN"."ORDER_DETAILS" MODIFY ("ORDER_ID" NOT NULL ENABLE);
  ALTER TABLE "HOTEL_ADMIN"."ORDER_DETAILS" MODIFY ("ORDER_DETAIL_ID" NOT NULL ENABLE);
--------------------------------------------------------
--  Constraints for Table RESTAURANT
--------------------------------------------------------

  ALTER TABLE "HOTEL_ADMIN"."RESTAURANT" ADD CONSTRAINT "RESTAURANT_PKV1" PRIMARY KEY ("TABLE_ID")
  USING INDEX PCTFREE 10 INITRANS 2 MAXTRANS 255 COMPUTE STATISTICS 
  STORAGE(INITIAL 65536 NEXT 1048576 MINEXTENTS 1 MAXEXTENTS 2147483645
  PCTINCREASE 0 FREELISTS 1 FREELIST GROUPS 1 BUFFER_POOL DEFAULT FLASH_CACHE DEFAULT CELL_FLASH_CACHE DEFAULT)
  TABLESPACE "USERS"  ENABLE;
  ALTER TABLE "HOTEL_ADMIN"."RESTAURANT" MODIFY ("ITEM_ID" NOT NULL ENABLE);
  ALTER TABLE "HOTEL_ADMIN"."RESTAURANT" MODIFY ("TABLE_ID" NOT NULL ENABLE);
--------------------------------------------------------
--  Constraints for Table ROOMS
--------------------------------------------------------

  ALTER TABLE "HOTEL_ADMIN"."ROOMS" ADD CONSTRAINT "ROOMS_PK" PRIMARY KEY ("ROOM_NO")
  USING INDEX PCTFREE 10 INITRANS 2 MAXTRANS 255 COMPUTE STATISTICS 
  STORAGE(INITIAL 65536 NEXT 1048576 MINEXTENTS 1 MAXEXTENTS 2147483645
  PCTINCREASE 0 FREELISTS 1 FREELIST GROUPS 1 BUFFER_POOL DEFAULT FLASH_CACHE DEFAULT CELL_FLASH_CACHE DEFAULT)
  TABLESPACE "USERS"  ENABLE;
  ALTER TABLE "HOTEL_ADMIN"."ROOMS" MODIFY ("ROOM_NO" NOT NULL ENABLE);
  ALTER TABLE "HOTEL_ADMIN"."ROOMS" MODIFY ("ITEM_ID" NOT NULL ENABLE);
--------------------------------------------------------
--  Constraints for Table SECURITY
--------------------------------------------------------

  ALTER TABLE "HOTEL_ADMIN"."SECURITY" ADD CONSTRAINT "SECURITY_PK" PRIMARY KEY ("SECURITY_ID")
  USING INDEX PCTFREE 10 INITRANS 2 MAXTRANS 255 COMPUTE STATISTICS 
  STORAGE(INITIAL 65536 NEXT 1048576 MINEXTENTS 1 MAXEXTENTS 2147483645
  PCTINCREASE 0 FREELISTS 1 FREELIST GROUPS 1 BUFFER_POOL DEFAULT FLASH_CACHE DEFAULT CELL_FLASH_CACHE DEFAULT)
  TABLESPACE "USERS"  ENABLE;
  ALTER TABLE "HOTEL_ADMIN"."SECURITY" MODIFY ("PASS" NOT NULL ENABLE);
  ALTER TABLE "HOTEL_ADMIN"."SECURITY" MODIFY ("USERNAME" NOT NULL ENABLE);
  ALTER TABLE "HOTEL_ADMIN"."SECURITY" MODIFY ("SECURITY_ID" NOT NULL ENABLE);
--------------------------------------------------------
--  Constraints for Table SHUTTLE
--------------------------------------------------------

  ALTER TABLE "HOTEL_ADMIN"."SHUTTLE" ADD CONSTRAINT "SHUTTLE_PK" PRIMARY KEY ("BUS_ID")
  USING INDEX PCTFREE 10 INITRANS 2 MAXTRANS 255 COMPUTE STATISTICS 
  STORAGE(INITIAL 65536 NEXT 1048576 MINEXTENTS 1 MAXEXTENTS 2147483645
  PCTINCREASE 0 FREELISTS 1 FREELIST GROUPS 1 BUFFER_POOL DEFAULT FLASH_CACHE DEFAULT CELL_FLASH_CACHE DEFAULT)
  TABLESPACE "USERS"  ENABLE;
  ALTER TABLE "HOTEL_ADMIN"."SHUTTLE" MODIFY ("ITEM_ID" NOT NULL ENABLE);
  ALTER TABLE "HOTEL_ADMIN"."SHUTTLE" MODIFY ("BUS_ID" NOT NULL ENABLE);
--------------------------------------------------------
--  Constraints for Table USER
--------------------------------------------------------

  ALTER TABLE "HOTEL_ADMIN"."USER" ADD CONSTRAINT "USER_PK" PRIMARY KEY ("USER_ID")
  USING INDEX PCTFREE 10 INITRANS 2 MAXTRANS 255 COMPUTE STATISTICS 
  STORAGE(INITIAL 65536 NEXT 1048576 MINEXTENTS 1 MAXEXTENTS 2147483645
  PCTINCREASE 0 FREELISTS 1 FREELIST GROUPS 1 BUFFER_POOL DEFAULT FLASH_CACHE DEFAULT CELL_FLASH_CACHE DEFAULT)
  TABLESPACE "USERS"  ENABLE;
  ALTER TABLE "HOTEL_ADMIN"."USER" MODIFY ("USER_ID" NOT NULL ENABLE);
--------------------------------------------------------
--  Ref Constraints for Table ORDERS
--------------------------------------------------------

  ALTER TABLE "HOTEL_ADMIN"."ORDERS" ADD CONSTRAINT "ORDERS_EMPLOYEE_FK" FOREIGN KEY ("CREATED_BY")
	  REFERENCES "HOTEL_ADMIN"."EMPLOYEE" ("EMP_ID") ENABLE;
  ALTER TABLE "HOTEL_ADMIN"."ORDERS" ADD CONSTRAINT "ORDERS_EMPLOYEE_FKV1" FOREIGN KEY ("REVIEWED_BY")
	  REFERENCES "HOTEL_ADMIN"."EMPLOYEE" ("EMP_ID") ENABLE;
  ALTER TABLE "HOTEL_ADMIN"."ORDERS" ADD CONSTRAINT "ORDERS_USER_FK" FOREIGN KEY ("USER_ID")
	  REFERENCES "HOTEL_ADMIN"."USER" ("USER_ID") ENABLE;
--------------------------------------------------------
--  Ref Constraints for Table ORDER_DETAILS
--------------------------------------------------------

  ALTER TABLE "HOTEL_ADMIN"."ORDER_DETAILS" ADD CONSTRAINT "ORDER_DETAILS_INVENTORY_FK" FOREIGN KEY ("ITEM_ID")
	  REFERENCES "HOTEL_ADMIN"."INVENTORY" ("ITEM_ID") ENABLE;
  ALTER TABLE "HOTEL_ADMIN"."ORDER_DETAILS" ADD CONSTRAINT "ORDER_DETAILS_ORDERS_FK" FOREIGN KEY ("ORDER_ID")
	  REFERENCES "HOTEL_ADMIN"."ORDERS" ("ORDER_ID") ENABLE;
--------------------------------------------------------
--  Ref Constraints for Table RESTAURANT
--------------------------------------------------------

  ALTER TABLE "HOTEL_ADMIN"."RESTAURANT" ADD CONSTRAINT "RESTAURANT_INVENTORY_FK" FOREIGN KEY ("ITEM_ID")
	  REFERENCES "HOTEL_ADMIN"."INVENTORY" ("ITEM_ID") ENABLE;
--------------------------------------------------------
--  Ref Constraints for Table ROOMS
--------------------------------------------------------

  ALTER TABLE "HOTEL_ADMIN"."ROOMS" ADD CONSTRAINT "ROOMS_INVENTORY_FK" FOREIGN KEY ("ITEM_ID")
	  REFERENCES "HOTEL_ADMIN"."INVENTORY" ("ITEM_ID") ENABLE;
--------------------------------------------------------
--  Ref Constraints for Table SHUTTLE
--------------------------------------------------------

  ALTER TABLE "HOTEL_ADMIN"."SHUTTLE" ADD CONSTRAINT "SHUTTLE_INVENTORY_FK" FOREIGN KEY ("ITEM_ID")
	  REFERENCES "HOTEL_ADMIN"."INVENTORY" ("ITEM_ID") ENABLE;
